episode,epsilon,episode_reward,rolling_average_reward,mean_recent_loss,replay_buffer_size,average_loan_duration,bankruptcy_count,average_ending_money,invalid_action_count,action_0_count,action_1_count,action_2_count,action_3_count,action_4_count,action_5_count,action_6_count,action_7_count
100,0.999791,-157500,-40662.5,23137.88943359375,492,0.17,41,21260.0,62,72,58,70,51,63,63,52,63
200,0.9995798888888889,-157000,-47215.0,24002.54240234375,957,0.15,44,17780.0,60,64,48,55,63,63,65,55,52
300,0.9993687777777778,51000,-43892.5,24508.38197265625,1429,0.26,39,16410.0,41,65,53,53,57,65,60,66,53
400,0.9991576666666667,46750,-49567.5,24711.8391796875,1903,0.16,45,17180.0,73,55,61,57,68,62,60,55,56
500,0.9989465555555556,6250,-47052.5,24633.183662109375,2378,0.2,42,16160.0,64,49,52,71,60,66,61,66,50
