{
  "('High', 1, 1, 3, 'Large', 0, 'None')": [
    -7712.105656481814,
    -19653.420833346965
  ],
  "('High', 2, 1, 2, 'Large', 0, 'None')": [
    -23496.769891340755,
    -11754.535318905615
  ],
  "('Medium', 3, 1, 1, 'VeryLarge', 0, 'None')": [
    -28114.063074579695,
    -10170.16727986936
  ],
  "('Medium', 3, 2, 1, 'Large', 0, 'None')": [
    -16604.40175600019,
    -13576.56086140713
  ],
  "('VeryHigh', 1, 2, 3, 'Medium', 0, 'None')": [
    -16584.79809130433,
    -14905.950562303135
  ],
  "('High', 3, 1, 1, 'VeryLarge', 0, 'None')": [
    -27413.800087797124,
    -7558.608441735693
  ],
  "('High', 3, 2, 1, 'Large', 0, 'None')": [
    -15889.34361604506,
    -10629.043394838254
  ],
  "('VeryHigh', 3, 2, 1, 'Large', 0, 'None')": [
    -26962.456484949034,
    -9003.06492161928
  ],
  "('VeryHigh', 4, 1, 2, 'Large', 0, 'None')": [
    -9317.21429586775,
    -4975.917852699253
  ],
  "('Low', 1, 1, 3, 'Large', 0, 'None')": [
    -27353.541960888742,
    -21690.650962010553
  ],
  "('High', 1, 2, 3, 'Medium', 0, 'None')": [
    -19988.13608291983,
    -16174.813649199281
  ],
  "('High', 1, 3, 2, 'Small', 0, 'None')": [
    -34645.21599663631,
    -18398.56881098479
  ],
  "('Medium', 4, 1, 2, 'Large', 0, 'None')": [
    -26590.564575761004,
    -4388.413487099427
  ],
  "('High', 2, 2, 2, 'Medium', 0, 'None')": [
    -28409.648452484325,
    -15179.404201818747
  ],
  "('Low', 2, 2, 2, 'Medium', 0, 'None')": [
    -35082.761058877215,
    -16894.72403226753
  ],
  "('Low', 3, 1, 1, 'VeryLarge', 0, 'None')": [
    -34920.92356335612,
    -12556.131209561503
  ],
  "('Low', 3, 2, 1, 'Large', 0, 'None')": [
    -24907.85789290917,
    -9814.527612949068
  ],
  "('VeryHigh', 1, 3, 2, 'Small', 0, 'None')": [
    -42726.29286002681,
    -17099.067995886202
  ],
  "('VeryHigh', 1, 4, 1, 'Small', 0, 'None')": [
    -53725.31831774092,
    -18353.92702516763
  ],
  "('VeryHigh', 2, 2, 2, 'Medium', 0, 'None')": [
    -28466.196225894197,
    -13268.785536930996
  ],
  "('VeryHigh', 2, 1, 2, 'Large', 0, 'None')": [
    -15599.925878985003,
    -11338.25439598814
  ],
  "('VeryHigh', 3, 1, 1, 'VeryLarge', 0, 'None')": [
    -14420.790310760836,
    -7741.914402467945
  ],
  "('High', 4, 2, 2, 'Medium', 0, 'None')": [
    -12157.386025692975,
    -7223.526571610259
  ],
  "('Medium', 4, 2, 2, 'Medium', 0, 'None')": [
    -30303.923351615296,
    -7633.583416799648
  ],
  "('Medium', 5, 1, 3, 'Large', 0, 'None')": [
    -2978.2992333731127,
    -4999.999999999991
  ],
  "('High', 2, 3, 1, 'Medium', 0, 'None')": [
    -51804.832048145516,
    -14338.160767411062
  ],
  "('High', 2, 4, 1, 'Small', 0, 'None')": [
    -26724.998684675695,
    -10208.679828754051
  ],
  "('Low', 5, 1, 3, 'Large', 0, 'None')": [
    -14141.549874147773,
    -5714.6841759980625
  ],
  "('Low', 6, 1, 2, 'Large', 0, 'None')": [
    -18059.335018973663,
    -4999.999999999991
  ],
  "('Medium', 1, 3, 2, 'Small', 0, 'None')": [
    -46787.675840777585,
    -20194.40842579973
  ],
  "('Medium', 2, 1, 2, 'Large', 0, 'None')": [
    -32256.25130773105,
    -15190.992407291842
  ],
  "('VeryHigh', 2, 3, 1, 'Medium', 0, 'None')": [
    -26402.471899196662,
    -12864.393197905792
  ],
  "('High', 4, 1, 2, 'Large', 0, 'None')": [
    -26322.214878053936,
    -2805.820709532178
  ],
  "('VeryHigh', 4, 2, 2, 'Medium', 0, 'None')": [
    -15505.880939903906,
    -4517.919437359636
  ],
  "('High', 5, 1, 3, 'Large', 0, 'None')": [
    4372.499955656337,
    -4999.999999999991
  ],
  "('Medium', 5, 2, 2, 'Medium', 0, 'None')": [
    -12880.162247810686,
    -4999.999999999991
  ],
  "('VeryHigh', 3, 3, 1, 'Medium', 0, 'None')": [
    -29476.40844397362,
    -5771.651284879817
  ],
  "('High', 4, 3, 2, 'Medium', 0, 'None')": [
    -5804.806103400346,
    -4615.275123616433
  ],
  "('Low', 2, 1, 2, 'Large', 0, 'None')": [
    -52169.94017840031,
    -20246.224620924633
  ],
  "('VeryHigh', 3, 1, 1, 'VeryLarge', 1, 'Low')": [
    -32472.37319188456,
    -21690.34824039396
  ],
  "('VeryHigh', 4, 1, 2, 'Large', 1, 'Low')": [
    -16468.250002957175,
    -13084.647710466454
  ],
  "('High', 5, 1, 3, 'Large', 1, 'Low')": [
    -16871.53850376742,
    -9999.880624069767
  ],
  "('High', 1, 4, 1, 'Small', 0, 'None')": [
    -55348.12009225209,
    -19698.637674972353
  ],
  "('Medium', 2, 2, 2, 'Medium', 0, 'None')": [
    -26701.842649554535,
    -16625.140353015486
  ],
  "('Medium', 1, 4, 1, 'Small', 0, 'None')": [
    -45424.034270768185,
    -22526.518703815553
  ],
  "('VeryHigh', 3, 4, 1, 'Medium', 0, 'None')": [
    -21139.40217147109,
    -3207.5703879572893
  ],
  "('VeryHigh', 3, 2, 1, 'Large', 1, 'Low')": [
    -22843.166833117644,
    -16505.923912565406
  ],
  "('High', 3, 3, 1, 'Medium', 0, 'None')": [
    -54475.631162867336,
    -8635.97933279341
  ],
  "('Low', 4, 1, 2, 'Large', 0, 'None')": [
    -35340.72467855291,
    -7700.7519985603785
  ],
  "('VeryHigh', 5, 1, 3, 'Large', 1, 'Low')": [
    -1133.4544654394167,
    -9999.989822295845
  ],
  "('Medium', 1, 1, 3, 'Large', 0, 'None')": [
    -13188.776447062311,
    -21926.16949654601
  ],
  "('High', 5, 2, 2, 'Medium', 0, 'None')": [
    -43400.29072406619,
    -4999.999999999991
  ],
  "('Low', 1, 4, 1, 'Small', 0, 'None')": [
    -52585.403202033616,
    -15566.518690623108
  ],
  "('VeryHigh', 2, 4, 1, 'Small', 0, 'None')": [
    -25473.537858734362,
    -8143.560028218097
  ],
  "('Low', 1, 2, 3, 'Medium', 0, 'None')": [
    -34558.04023463594,
    -23822.953904153866
  ],
  "('Low', 1, 3, 2, 'Small', 0, 'None')": [
    -23811.302974620543,
    -20209.634921639496
  ],
  "('Low', 2, 4, 1, 'Small', 0, 'None')": [
    -6410.696107105174,
    -1940.2473269689697
  ],
  "('Medium', 3, 3, 1, 'Medium', 0, 'None')": [
    -11320.777803708497,
    -8604.389711762724
  ],
  "('Medium', 1, 2, 3, 'Medium', 0, 'None')": [
    -28574.611924059816,
    -20939.000850282533
  ],
  "('VeryHigh', 4, 3, 2, 'Medium', 0, 'None')": [
    -17164.124204828357,
    -3748.279551287724
  ],
  "('High', 3, 4, 1, 'Medium', 0, 'None')": [
    -5899.756924218751,
    -1848.7529513769532
  ],
  "('Low', 4, 2, 2, 'Medium', 0, 'None')": [
    -15758.488583593753,
    -6573.222789964611
  ],
  "('Medium', 2, 3, 1, 'Medium', 0, 'None')": [
    -29339.091638993552,
    -11070.382887530792
  ],
  "('Medium', 2, 4, 1, 'Small', 0, 'None')": [
    -14495.559534599412,
    -4285.600730123725
  ],
  "('Low', 3, 3, 1, 'Medium', 0, 'None')": [
    -19972.886250000003,
    -1274.693417128937
  ],
  "('VeryHigh', 2, 1, 2, 'Large', 1, 'Low')": [
    -24585.504794113585,
    -28805.974325802723
  ],
  "('VeryHigh', 2, 2, 2, 'Medium', 1, 'Low')": [
    -26842.83620867249,
    -25392.418015086078
  ],
  "('High', 4, 2, 2, 'Medium', 1, 'Low')": [
    -7575.375,
    -2649.08109375
  ],
  "('VeryHigh', 5, 1, 3, 'Large', 0, 'None')": [
    6962.733054626219,
    -927.46875
  ],
  "('VeryHigh', 4, 2, 2, 'Medium', 1, 'Low')": [
    -15145.807563297894,
    -9850.94874617525
  ],
  "('High', 4, 1, 2, 'Large', 1, 'Low')": [
    -33180.6387307789,
    -14954.6100666315
  ],
  "('Medium', 4, 3, 2, 'Medium', 0, 'None')": [
    -11940.820625000002,
    -1508.31351953125
  ],
  "('Low', 2, 3, 1, 'Medium', 0, 'None')": [
    -24714.55462141562,
    -3639.151431931809
  ],
  "('Low', 3, 1, 1, 'VeryLarge', 1, 'Low')": [
    -12488.5109375,
    -4340.883487324472
  ],
  "('Low', 5, 2, 2, 'Medium', 0, 'None')": [
    -38003.89720638576,
    -4999.999891384896
  ],
  "('Medium', 3, 4, 1, 'Medium', 0, 'None')": [
    -300.0,
    0.0
  ],
  "('VeryHigh', 2, 3, 1, 'Medium', 1, 'Low')": [
    -23080.994186026983,
    -17174.231498414745
  ],
  "('VeryHigh', 3, 3, 1, 'Medium', 1, 'Low')": [
    -7774.981562499999,
    -2262.190625
  ],
  "('High', 3, 1, 1, 'VeryLarge', 1, 'Low')": [
    -5354.548148838089,
    -6448.286708782309
  ],
  "('Medium', 3, 2, 1, 'Large', 1, 'Low')": [
    -7297.5,
    -500.0
  ],
  "('Medium', 3, 3, 1, 'Medium', 1, 'Low')": [
    500.0,
    0.0
  ],