episode,epsilon,episode_reward,rolling_average_reward,mean_recent_loss,replay_buffer_size,average_loan_duration,bankruptcy_count,average_ending_money,invalid_action_count,action_0_count,action_1_count,action_2_count,action_3_count,action_4_count,action_5_count,action_6_count,action_7_count
50100,0.8942354444444445,14000,-53942.5,25772.7139453125,100000,0.16,47,14650.0,56,51,60,46,59,60,57,57,61
50200,0.8940243333333333,-11000,-41517.5,25188.777880859376,100000,0.14,42,21240.0,54,60,54,48,51,60,60,64,69
50300,0.8938132222222223,-205000,-57187.5,24377.1936328125,100000,0.12,49,13060.0,47,51,56,47,69,51,57,54,61
50400,0.8936021111111111,60500,-57665.0,25218.149169921875,100000,0.14,50,12950.0,39,69,40,68,61,42,41,58,62
50500,0.893391,46000,-46972.5,25081.8182421875,100000,0.1,44,17310.0,40,71,43,60,57,56,43,55,72
50600,0.8931798888888889,12000,-44350.0,26478.1701171875,100000,0.12,43,19640.0,59,66,54,69,61,49,58,61,60
50700,0.8929687777777778,53500,-44595.0,26332.05376953125,100000,0.27,41,18870.0,54,64,58,56,57,48,55,60,75
50800,0.8927576666666667,39000,-48452.5,25493.329521484375,100000,0.13,46,18080.0,41,55,62,58,59,49,58,53,66
