episode,average_reward,bankruptcy_rate,average_ending_money,average_loan_duration,invalid_action_rate
10000,-41980.0,0.39,23060.0,0.18,0.3925233644859813
20000,-36165.0,0.43,26330.0,0.15,0.0262582056892779
30000,-48522.5,0.51,22850.0,0.13,0.017326732673267328
40000,-25225.0,0.42,36450.0,0.13,0.004618937644341801
