episode,average_reward,bankruptcy_rate,average_ending_money,average_loan_duration,invalid_action_rate
10000,-30782.5,0.33,25480.0,0.0,0.33970276008492567
20000,-32367.5,0.41,27520.0,0.12,0.017429193899782137
30000,-42717.5,0.48,25990.0,0.17,0.00997506234413965
40000,-28010.0,0.44,36040.0,0.2,0.0
50000,-3422.5,0.3,44310.0,0.08,0.007782101167315175
