{
  "game\\v1_assignment\\baseline_agent.py": 1775116111.3780775,
  "game\\v1_assignment\\compare_models.py": 1775116111.37908,
  "game\\v1_assignment\\evaluate_robustness.py": 1775116111.3800795,
  "game\\v1_assignment\\mc_agent.py": 1775116111.381076,
  "game\\v1_assignment\\model_utils.py": 1775116111.381076,
  "game\\v1_assignment\\play_final_game.py": 1775116111.3820732,
  "game\\v1_assignment\\q_learning_agent.py": 1775116111.3820732,
  "game\\v1_assignment\\sarsa_agent.py": 1775116111.3830776,
  "game\\v1_assignment\\scrum_game_env.py": 1775116111.3840768,
  "game\\v1_assignment\\train_mc.py": 1775116111.38508,
  "game\\v1_assignment\\train_q_learning.py": 1775116111.3860712,
  "game\\v1_assignment\\train_sarsa.py": 1775116111.3860712,
  "game\\v1_assignment\\tune_sarsa.py": 1775116111.3860712,
  "game\\v2_deep_rl\\cards.py": 1775641202.028017,
  "game\\v2_deep_rl\\checkpoint_utils.py": 1776420957.24518,
  "game\\v2_deep_rl\\config_manager.py": 1775642392.443635,
  "game\\v2_deep_rl\\dashboard.py": 1775647497.5355659,
  "game\\v2_deep_rl\\deployment_profiles.py": 1775116111.4422789,
  "game\\v2_deep_rl\\dqn_agent.py": 1776326598.4104018,
  "game\\v2_deep_rl\\evaluate_ddqn_robustness.py": 1775641757.658558,
  "game\\v2_deep_rl\\match_runner.py": 1775641864.7159202,
  "game\\v2_deep_rl\\model_utils.py": 1775116111.444266,
  "game\\v2_deep_rl\\play_best_dqn_game.py": 1775642092.4133358,
  "game\\v2_deep_rl\\refinements.py": 1775641217.9250574,
  "game\\v2_deep_rl\\scrum_game_env.py": 1775642190.477603,
  "game\\v2_deep_rl\\train_dqn.py": 1776420957.255178,
  "game\\v2_deep_rl\\config_editor\\app.js": 1775646353.5472953,
  "game\\v2_deep_rl\\control_center\\backend\\app.py": 1776326598.374064,
  "game\\v2_deep_rl\\control_center\\backend\\run_api.py": 1776420957.2461803,
  "game\\v2_deep_rl\\control_center\\backend\\__init__.py": 1775648082.6942284,
  "game\\v2_deep_rl\\control_center\\backend\\api\\routes_autopilot.py": 1776326598.369064,
  "game\\v2_deep_rl\\control_center\\backend\\api\\routes_checkpoints.py": 1776422183.2154574,
  "game\\v2_deep_rl\\control_center\\backend\\api\\routes_configs.py": 1775656479.4958644,
  "game\\v2_deep_rl\\control_center\\backend\\api\\routes_jobs.py": 1776326598.3700762,
  "game\\v2_deep_rl\\control_center\\backend\\api\\routes_play.py": 1775652800.6358516,
  "game\\v2_deep_rl\\control_center\\backend\\api\\routes_runs.py": 1776326598.372064,
  "game\\v2_deep_rl\\control_center\\backend\\api\\routes_testing.py": 1775653088.2809405,
  "game\\v2_deep_rl\\control_center\\backend\\api\\__init__.py": 1775648238.3718276,
  "game\\v2_deep_rl\\control_center\\backend\\jobs\\job_runner.py": 1776326598.381153,
  "game\\v2_deep_rl\\control_center\\backend\\jobs\\queue_manager.py": 1776326920.873046,
  "game\\v2_deep_rl\\control_center\\backend\\jobs\\__init__.py": 1775649112.814194,
  "game\\v2_deep_rl\\control_center\\backend\\schemas\\__init__.py": 1775648238.3728294,
  "game\\v2_deep_rl\\control_center\\backend\\services\\app_paths.py": 1775648754.2171211,
  "game\\v2_deep_rl\\control_center\\backend\\services\\catalog_service.py": 1776326598.3950605,
  "game\\v2_deep_rl\\control_center\\backend\\services\\checkpoint_service.py": 1776422183.213462,
  "game\\v2_deep_rl\\control_center\\backend\\services\\play_service.py": 1776326598.39606,
  "game\\v2_deep_rl\\control_center\\backend\\services\\testing_service.py": 1776326598.3980634,
  "game\\v2_deep_rl\\control_center\\backend\\services\\training_autopilot.py": 1776326598.3993473,
  "game\\v2_deep_rl\\control_center\\backend\\services\\__init__.py": 1775648238.3728294,
  "game\\v2_deep_rl\\control_center\\backend\\storage\\jobs_db.py": 1776326598.404402,
  "game\\v2_deep_rl\\control_center\\backend\\storage\\__init__.py": 1775649112.8121996,
  "game\\v2_deep_rl\\control_center\\frontend\\app.js": 1776420957.2491815,
  "game\\v2_deep_rl\\tests\\conftest.py": 1776420957.2501812,
  "game\\v2_deep_rl\\tests\\test_autopilot_continuation.py": 1776420957.2511802,
  "game\\v2_deep_rl\\tests\\test_autopilot_decisions.py": 1776420957.2511802,
  "game\\v2_deep_rl\\tests\\test_checkpoint_service.py": 1776422183.216457,
  "game\\v2_deep_rl\\tests\\test_config_manager.py": 1776420957.2531788,
  "game\\v2_deep_rl\\tests\\test_dqn_agent.py": 1776420957.2531788,
  "game\\v2_deep_rl\\tests\\test_train_helpers.py": 1776420957.2541783,
  "gamedata\\Prototype - Game editor\\Final Interactive prototype\\app.js": 1775116111.4745746,
  "agent.md": 1776326589.1136234,
  "lesson.md": 1775116111.482278,
  "README.md": 1775116111.3610907,
  "game\\README.md": 1775116111.3630812,
  "game\\v1_assignment\\README.md": 1775116111.364081,
  "game\\v1_assignment\\artifacts\\reports\\model_comparison_summary.md": 1775116111.377075,
  "game\\v1_assignment\\docs\\report_notes.md": 1775116111.3800795,
  "game\\v2_deep_rl\\README.md": 1775638432.7986984,
  "game\\v2_deep_rl\\artifacts\\reference_v1\\README.md": 1775116111.4302158,
  "game\\v2_deep_rl\\control_center\\README.md": 1775648082.6922293,
  "game\\v2_deep_rl\\control_center\\backend\\README.md": 1775649277.8866012,
  "game\\v2_deep_rl\\control_center\\backend\\requirements.txt": 1775648238.3718276,
  "game\\v2_deep_rl\\control_center\\frontend\\README.md": 1775649585.0751507,
  "game\\v2_deep_rl\\control_center\\shared\\README.md": 1775648082.701203,
  "game\\v2_deep_rl\\docs\\deep_rl_notes.md": 1775638432.9259818,
  "plans\\README.md": 1776161700.015793,
  "plans\\training_automation_plan.md": 1776326598.4114015,
  "scrum\\Welcome.md": 1776421299.1989956,
  "gamedata\\2025 Physically boardgame - Example game step by step.pdf": 1775116111.4523208,
  "gamedata\\2025 ScrumGame Manual.pdf": 1775116111.4583328,
  "gamedata\\260212 1900 Simulation variables to setup per game.pdf": 1775116111.4632769,
  "gamedata\\Big Data & Ai.pdf": 1775116111.4689932,
  "gamedata\\Data_Analysis_Report_Group2A.pdf": 1775116111.4731412,
  "game\\v1_assignment\\artifacts\\plots\\mc_training_curve.png": 1775116111.370079,
  "game\\v1_assignment\\artifacts\\plots\\model_comparison.png": 1775116111.3710794,
  "game\\v1_assignment\\artifacts\\plots\\q_learning_training_curve.png": 1775116111.3730898,
  "game\\v1_assignment\\artifacts\\plots\\sarsa_training_curve.png": 1775116111.3750784,