episode,average_reward,bankruptcy_rate,average_ending_money,average_loan_duration,invalid_action_rate
10000,-30782.5,0.33,25480.0,0.0,0.33970276008492567
20000,-32367.5,0.41,27520.0,0.12,0.017429193899782137
